Step,Action,Reasoning,Observation,Reward,Done
0,up,,"Active rules:
key is win
baba is you

Objects on the map:
wall 1 step to the right and 2 step up
rule `key` 4 steps to the right and 2 step up
rule `is` 5 steps to the right and 2 step up
rule `win` 6 steps to the right and 2 step up
rule `wall` 4 step to the left and 1 step up
rule `stop` 2 step to the left and 1 step up
key 1 step to the left and 1 step up
wall 1 step to the right and 1 step up
ball 4 step to the left
rule `is` 2 step to the left
wall 1 step to the right
wall 1 step to the right and 1 step down
wall 1 step to the right and 2 steps down
wall 1 step to the right and 3 steps down
rule `baba` 4 step to the left and 4 steps down
rule `is` 3 step to the left and 4 steps down
rule `you` 2 step to the left and 4 steps down
wall 1 step to the right and 4 steps down",0,False
1,up,,"Active rules:
key is win
baba is you

Objects on the map:
wall 1 step to the right and 1 step up
rule `key` 4 steps to the right and 1 step up
rule `is` 5 steps to the right and 1 step up
rule `win` 6 steps to the right and 1 step up
rule `wall` 4 step to the left
rule `stop` 2 step to the left
key 1 step to the left
wall 1 step to the right
ball 4 step to the left and 1 step down
rule `is` 2 step to the left and 1 step down
wall 1 step to the right and 1 step down
wall 1 step to the right and 2 steps down
wall 1 step to the right and 3 steps down
wall 1 step to the right and 4 steps down
rule `baba` 4 step to the left and 5 steps down
rule `is` 3 step to the left and 5 steps down
rule `you` 2 step to the left and 5 steps down
wall 1 step to the right and 5 steps down",0,False
2,left,,"Active rules:
key is win
baba is you

Objects on the map:
wall 2 steps to the right and 1 step up
rule `key` 5 steps to the right and 1 step up
rule `is` 6 steps to the right and 1 step up
rule `win` 7 steps to the right and 1 step up
rule `wall` 3 step to the left
rule `stop` 1 step to the left
wall 2 steps to the right
ball 3 step to the left and 1 step down
rule `is` 1 step to the left and 1 step down
wall 2 steps to the right and 1 step down
wall 2 steps to the right and 2 steps down
wall 2 steps to the right and 3 steps down
wall 2 steps to the right and 4 steps down
rule `baba` 3 step to the left and 5 steps down
rule `is` 2 step to the left and 5 steps down
rule `you` 1 step to the left and 5 steps down
wall 2 steps to the right and 5 steps down",0.973,True
