Step,Observation,Action,Reasoning,Reward,Done
0,"-= Cubicle =-
You arrive in a cubicle. Okay, just remember what you're here to do, and everything will go great.

You can see a locker. You make out a mantle. What a coincidence, weren't you just thinking about a mantle? But there isn't a thing on it.

There is an unblocked exit to the north.",look,,0,False
1,"-= Cookery =-
You've entered a cookery.



There is a closed American style passageway leading west. There is an unguarded exit to the north. There is an unblocked exit to the south.

There is a spork on the floor.",go north,,0,False
2,"You pick up the spork from the ground.



                              *** You lost! ***

You scored 0 out of a possible 1, in 3 turns.


Would you like to RESTART, RESTORE a saved game, QUIT or UNDO the last command?
>",take spork,,0,True
